team,season,salary,salary,salary,salary,salary
,,sum,count,mean,min,max
Atlanta Hawks,2000,16018000,7,2288285.714285714,893000,5318000
Atlanta Hawks,2001,19721000,9,2191222.222222222,316000,5909000
Atlanta Hawks,2002,49862000,14,3561571.4285714286,465000,11250000
Atlanta Hawks,2003,54529000,11,4957181.818181818,612000,12375000
Atlanta Hawks,2004,15724000,4,3931000.0,2109000,7682000
Atlanta Hawks,2005,10899000,3,3633000.0,2949000,4800000
Atlanta Hawks,2006,38198405,12,3183200.4166666665,641748,12000000
Atlanta Hawks,2007,45084224,14,3220301.714285714,490528,12744190
Atlanta Hawks,2008,38116186,10,3811618.6,427163,13488378
Atlanta Hawks,2009,68992109,16,4312006.8125,442114,14983603
Atlanta Hawks,2010,71574424,16,4473401.5,451595,14976754
Atlanta Hawks,2011,66873531,14,4776680.785714285,473604,16324500
Atlanta Hawks,2012,78635057,19,4138687.210526316,473604,18038573
Atlanta Hawks,2013,69301829,19,3647464.6842105263,473604,13200000
Atlanta Hawks,2014,61365927,15,4091061.8,138404,12000000
Atlanta Hawks,2015,57182724,14,4084480.285714286,816482,12000000
Atlanta Hawks,2016,71045472,16,4440342.0,525093,18671659
Atlanta Hawks,2017,85231361,16,5326960.0625,246956,23180275
Atlanta Hawks,2018,80973526,19,4261764.52631579,246956,18089887
Atlanta Hawks,2019,66443526,18,3691307.0,25367,18089887
Atlanta Hawks,2020,80573776,15,5371585.066666666,522738,25102511
Bilbao Basket Bilbao Basket,2012,5543116,1,5543116.0,5543116,5543116
Boston Celtics,2000,28829000,7,4118428.5714285714,1503000,9000000
Boston Celtics,2001,44444000,14,3174571.4285714286,326000,10125000
Boston Celtics,2002,45168000,13,3474461.5384615385,540000,11250000
Boston Celtics,2003,43703000,8,5462875.0,1643000,12375000
Boston Celtics,2004,2104000,1,2104000.0,2104000,2104000
Boston Celtics,2005,14625000,1,14625000.0,14625000,14625000
Boston Celtics,2006,35817525,11,3256138.6363636362,398762,13843156
Boston Celtics,2007,53299123,15,3553274.8666666667,412718,15101626
Boston Celtics,2008,74585403,15,4972360.2,226650,23751934
Boston Celtics,2009,100827179,15,6721811.933333334,542114,24751934
Boston Celtics,2010,80022013,14,5715858.071428572,2692,19795712
Boston Celtics,2011,70648211,14,5046300.785714285,762195,18832044
Boston Celtics,2012,81850078,19,4307898.842105263,196007,21247044
Boston Celtics,2013,75171056,18,4176169.777777778,156234,16790345
Boston Celtics,2014,63020331,13,4847717.769230769,77852,12000000
Boston Celtics,2015,41359670,12,3446639.1666666665,816482,10105855
Boston Celtics,2016,60772386,16,3798274.125,525093,12000000
Boston Celtics,2017,92028392,16,5751774.5,543471,26540100
Boston Celtics,2018,100847233,14,7203373.785714285,44495,29727900
Boston Celtics,2019,125326739,15,8355115.933333334,17092,31214295
Boston Celtics,2020,119017048,16,7438565.5,898310,32742000
Brooklyn Nets,2006,4501200,1,4501200.0,4501200,4501200
Brooklyn Nets,2007,6025576,2,3012788.0,1854376,4171200
Brooklyn Nets,2008,3530000,3,1176666.6666666667,850000,1600000
Brooklyn Nets,2010,7100000,1,7100000.0,7100000,7100000
Brooklyn Nets,2011,7100000,1,7100000.0,7100000,7100000
Brooklyn Nets,2012,8234148,4,2058537.0,20103,7100000
Brooklyn Nets,2013,101544102,30,3384803.4,20103,19752645
Brooklyn Nets,2014,100342826,15,6689521.733333333,54785,21466718
Brooklyn Nets,2015,103134468,17,6066733.411764706,96056,23180790
Brooklyn Nets,2016,67294929,21,3204520.4285714286,134215,19689000
Brooklyn Nets,2017,72562117,22,3298278.0454545454,75000,21165675
Brooklyn Nets,2018,94516420,17,5559789.411764706,543471,18500000
Brooklyn Nets,2019,83536752,18,4640930.666666667,4737,18500000
Brooklyn Nets,2020,132518184,19,6974641.263157895,654469,38199000
Charlotte Bobcats,2005,8815000,3,2938333.3333333335,1377000,5884000
Charlotte Bobcats,2006,34282304,16,2142644.0,398762,5000000
Charlotte Bobcats,2007,45940805,18,2552266.9444444445,128935,5525000
Charlotte Bobcats,2008,57356977,17,3373939.8235294116,349041,11111110
Charlotte Bobcats,2009,88880502,24,3703354.25,52014,12222221
Charlotte Bobcats,2010,84488620,19,4446769.47368421,160244,11700000
Charlotte Bobcats,2011,75349380,19,3965756.8421052634,80703,10500000
Charlotte Bobcats,2012,49239219,16,3077451.1875,96017,10262069
Charlotte Bobcats,2013,51297286,13,3945945.076923077,762195,13200000
Charlotte Bobcats,2014,51281580,17,3016563.529411765,98036,13500000
Charlotte Hornets,2000,22555000,6,3759166.6666666665,878000,7975000
Charlotte Hornets,2001,40837000,13,3141307.6923076925,29000,8050000
Charlotte Hornets,2002,42173000,14,3012357.1428571427,466000,7975000
Charlotte Hornets,2010,736420,1,736420.0,736420,736420
Charlotte Hornets,2011,904999,2,452499.5,168579,736420
Charlotte Hornets,2012,1210024,2,605012.0,473604,736420
Charlotte Hornets,2013,7817064,4,1954266.0,473604,3857040
Charlotte Hornets,2015,68876214,17,4051542.0,816482,13500000
Charlotte Hornets,2016,82397300,17,4846900.0,189455,13500000
Charlotte Hornets,2017,114243539,23,4967110.391304348,67135,20869566
Charlotte Hornets,2018,125805064,21,5990717.333333333,67135,24000000
Charlotte Hornets,2019,121810182,15,8120678.8,988464,24000000
Charlotte Hornets,2020,97428941,15,6495262.733333333,595122,25565217
Chicago Bulls,2000,4454000,2,2227000.0,1079000,3375000
Chicago Bulls,2001,24654000,13,1896461.5384615385,37000,5515000
Chicago Bulls,2002,24038000,10,2403800.0,333000,6545000
Chicago Bulls,2003,33836000,9,3759555.5555555555,512000,12072000
Chicago Bulls,2004,12549000,3,4183000.0,2577000,6246000
Chicago Bulls,2005,15150000,2,7575000.0,3150000,12000000
Chicago Bulls,2006,35923600,13,2763353.846153846,398762,8299670
Chicago Bulls,2007,57194833,17,3364401.9411764704,664209,16000000
Chicago Bulls,2008,41855975,12,3487997.9166666665,427163,11250000
Chicago Bulls,2009,38978459,9,4330939.888888889,711517,10000000
Chicago Bulls,2010,59099343,17,3476431.9411764704,186271,12250000
Chicago Bulls,2011,71371025,19,3756369.736842105,130165,14400000
Chicago Bulls,2012,78865071,19,4150793.210526316,220487,13500000
Chicago Bulls,2013,96523973,20,4826198.65,736420,17632688
Chicago Bulls,2014,62931596,13,4840892.0,48854,17632688
Chicago Bulls,2015,69857980,16,4366123.75,507336,18862876
Chicago Bulls,2016,89638318,16,5602394.875,525093,20093064
Chicago Bulls,2017,88891859,19,4678518.894736842,543471,23200000
Chicago Bulls,2018,79359717,18,4408873.166666667,543471,14357750
Chicago Bulls,2019,80706074,16,5044129.625,85458,19500000
Chicago Bulls,2020,133127813,22,6051264.2272727275,898310,27250575
Cleveland Cavaliers,2000,27916000,7,3988000.0,1394000,10780000
Cleveland Cavaliers,2001,40283000,13,3098692.3076923075,1200000,10130000
Cleveland Cavaliers,2002,45919000,15,3061266.6666666665,332000,11250000
Cleveland Cavaliers,2003,31028000,9,3447555.5555555555,749000,12375000
Cleveland Cavaliers,2004,36772000,8,4596500.0,1757000,13500000
Cleveland Cavaliers,2005,22195000,3,7398333.333333333,2695000,14625000
Cleveland Cavaliers,2006,49820611,13,3832354.6923076925,398762,10344900
Cleveland Cavaliers,2007,62992728,15,4199515.2,412718,13363012
Cleveland Cavaliers,2008,88669877,17,5215875.117647059,87945,15500000
Cleveland Cavaliers,2009,91160252,16,5697515.75,46917,14500000
Cleveland Cavaliers,2010,70393926,13,5414917.384615385,457588,21000000
Cleveland Cavaliers,2011,43642615,16,2727663.4375,40375,13358905
Cleveland Cavaliers,2012,47703068,21,2271574.6666666665,22916,15076715
Cleveland Cavaliers,2013,50620600,21,2410504.761904762,40375,8368182
Cleveland Cavaliers,2014,59463984,14,4247427.428571428,490180,14275000
Cleveland Cavaliers,2015,67757418,13,5212109.076923077,495399,20644400
Cleveland Cavaliers,2016,104254519,15,6950301.266666667,845059,22970500
Cleveland Cavaliers,2017,133411547,18,7411752.611111111,5767,30963450
Cleveland Cavaliers,2018,84211458,11,7655587.090909091,207722,24119025
Cleveland Cavaliers,2019,88610922,12,7384243.5,1512601,24119025
Cleveland Cavaliers,2020,95063965,13,7312612.692307692,1290960,28942830
Dallas Mavericks,2000,9003000,3,3001000.0,1583000,5500000
Dallas Mavericks,2001,30087000,8,3760875.0,316000,8400000
Dallas Mavericks,2002,32178000,12,2681500.0,465000,10625000
Dallas Mavericks,2003,53950000,9,5994444.444444444,2923000,11953000
Dallas Mavericks,2004,47615000,7,6802142.857142857,1537000,13500000
Dallas Mavericks,2005,43701000,5,8740200.0,5714000,14609000
Dallas Mavericks,2006,75624360,16,4726522.5,398762,15694250
Dallas Mavericks,2007,69109497,17,4065264.529411765,412718,15101622
Dallas Mavericks,2008,58517315,10,5851731.5,687456,16360094
Dallas Mavericks,2009,89830407,14,6416457.642857143,797581,21372000
Dallas Mavericks,2010,63979719,9,7108857.666666667,825497,19795714
Dallas Mavericks,2011,95448138,16,5965508.625,211084,17278618
Dallas Mavericks,2012,76247622,18,4235979.0,49966,19092873
Dallas Mavericks,2013,70463968,27,2609776.592592593,27859,20907128
Dallas Mavericks,2014,67279965,15,4485331.0,490180,22721381
Dallas Mavericks,2015,76045171,19,4002377.4210526315,236886,14846888
Dallas Mavericks,2016,73196194,18,4066455.222222222,525093,16407500
Dallas Mavericks,2017,90301164,22,4104598.3636363638,15984,25000000
Dallas Mavericks,2018,87382525,23,3799240.217391304,31969,23112004
Dallas Mavericks,2019,50687348,13,3899026.769230769,512746,11692308
Dallas Mavericks,2020,134875092,16,8429693.25,1416852,27285000
Denver Nuggets,2000,23294000,5,4658800.0,974000,9900000
Denver Nuggets,2001,42751000,14,3053642.8571428573,26000,10800000
Denver Nuggets,2002,74027000,17,4354529.411764706,333000,18750000
Denver Nuggets,2003,33911000,8,4238875.0,512000,20625000
Denver Nuggets,2004,12515000,3,4171666.6666666665,1948000,7250000
Denver Nuggets,2005,18536000,3,6178666.666666667,4119000,7750000
Denver Nuggets,2006,47217235,12,3934769.5833333335,719373,10886364
Denver Nuggets,2007,46763174,13,3597167.230769231,37620,12068182
Denver Nuggets,2008,83201519,16,5200094.9375,634620,19012500
Denver Nuggets,2009,51757283,13,3981329.4615384615,442114,14431816
Denver Nuggets,2010,73313174,14,5236655.285714285,825497,15852511
Denver Nuggets,2011,53415509,14,3815393.5,473604,16545454
Denver Nuggets,2012,55901868,20,2795093.4,473604,7807728
Denver Nuggets,2013,69670353,23,3029145.782608696,190548,14968250
Denver Nuggets,2014,51007596,12,4250633.0,788872,10786517
Denver Nuggets,2015,57074915,14,4076779.6428571427,507336,11595506
Denver Nuggets,2016,49177021,14,3512644.3571428573,800321,14000000
Denver Nuggets,2017,76281076,18,4237837.555555556,57672,15050000
Denver Nuggets,2018,112987874,22,5135812.454545454,57672,31269231
Denver Nuggets,2019,118048086,17,6944005.05882353,630032,29230769
Denver Nuggets,2020,126841786,13,9757060.461538462,898310,30350000
Detroit Pistons,2000,15941000,5,3188200.0,2000000,4810000
Detroit Pistons,2001,30026000,11,2729636.3636363638,316000,5000000
Detroit Pistons,2002,41711000,15,2780733.3333333335,333000,7656000
Detroit Pistons,2003,41908000,12,3492333.3333333335,1100000,8421000
Detroit Pistons,2004,31662000,7,4523142.857142857,3300000,6166000
Detroit Pistons,2005,6000000,1,6000000.0,6000000,6000000
Detroit Pistons,2006,51908979,14,3707784.214285714,398762,10860000
Detroit Pistons,2007,57510718,14,4107908.4285714286,412718,11650000
Detroit Pistons,2008,58688830,12,4890735.833333333,427163,12540000
Detroit Pistons,2009,82134287,14,5866734.785714285,442114,20840625
Detroit Pistons,2010,62793827,16,3924614.1875,457588,11375000
Detroit Pistons,2011,64520650,14,4608617.857142857,736420,12500000
Detroit Pistons,2012,58868088,15,3924539.2,374300,11600000
Detroit Pistons,2013,57180235,17,3363543.2352941176,473604,10924138
Detroit Pistons,2014,61900253,15,4126683.533333333,490180,13500000
Detroit Pistons,2015,43963633,14,3140259.5,269189,8000000
Detroit Pistons,2016,55343307,16,3458956.6875,600000,13913044
Detroit Pistons,2017,105445268,19,5549750.947368421,543471,22116750
Detroit Pistons,2018,103989792,20,5199489.6,543471,25434263
Detroit Pistons,2019,115162686,14,8225906.142857143,838464,32088932
Detroit Pistons,2020,135926827,18,7551490.388888889,1416852,34449964
Fenerbahce Ulker Fenerbahce Ulker,2012,2685185,1,2685185.0,2685185,2685185
Fenerbahce Ulker Fenerbahce Ulker,2013,3447380,2,1723690.0,762195,2685185
Golden State Warriors,2000,27678000,7,3954000.0,2503000,5250000
Golden State Warriors,2001,32747000,13,2519000.0,32000,5611000
Golden State Warriors,2002,43517000,13,3347461.5384615385,333000,6235000
Golden State Warriors,2003,34823000,9,3869222.222222222,512000,6858000
Golden State Warriors,2004,31413000,6,5235500.0,1507000,10912000
Golden State Warriors,2005,10103000,4,2525750.0,2232000,3000000
Golden State Warriors,2006,56958952,13,4381457.846153846,423762,13700000
Golden State Warriors,2007,44402678,11,4036607.090909091,259770,15070000
Golden State Warriors,2008,55126427,16,3445401.6875,251272,16440000
Golden State Warriors,2009,55335384,18,3074188.0,422725,11000000
Golden State Warriors,2010,47337369,16,2958585.5625,17328,11000000
Golden State Warriors,2011,60622481,18,3367915.611111111,133723,11000000
Golden State Warriors,2012,52057320,21,2478920.0,75793,11610000
Golden State Warriors,2013,79686708,23,3464639.4782608696,75793,13000000
Golden State Warriors,2014,66621552,13,5124734.769230769,490180,14000000
Golden State Warriors,2015,74947574,18,4163754.111111111,167122,15012000
Golden State Warriors,2016,89816273,16,5613517.0625,289755,15501000
Golden State Warriors,2017,103796670,22,4718030.454545454,543471,26540100
Golden State Warriors,2018,124899980,26,4803845.384615385,543471,37457154
Golden State Warriors,2019,144354753,15,9623650.2,307648,37457154
Golden State Warriors,2020,106010951,13,8154688.538461538,350189,40231758
Houston Rockets,2000,9593000,4,2398250.0,823000,3750000
Houston Rockets,2001,42631000,13,3279307.6923076925,83000,16685000
Houston Rockets,2002,40191000,14,2870785.714285714,333000,8800000
Houston Rockets,2003,41705000,10,4170500.0,512000,9200000
Houston Rockets,2004,32939000,6,5489833.333333333,2102000,7800000
Houston Rockets,2005,40070000,3,13356666.666666666,5899000,19684000
Houston Rockets,2006,55617306,14,3972664.714285714,248118,15694250
Houston Rockets,2007,62915549,15,4194369.933333334,600000,16901500
Houston Rockets,2008,73775040,20,3688752.0,100509,18257750
Houston Rockets,2009,66047420,15,4403161.333333333,184157,20370437
Houston Rockets,2010,49756513,13,3827424.076923077,725000,16378325
Houston Rockets,2011,59565763,14,4254697.357142857,15000,17686100
Houston Rockets,2012,53326872,18,2962604.0,57291,11519840
Houston Rockets,2013,41633543,21,1982549.6666666667,144867,8374646
Houston Rockets,2014,61240347,18,3402241.5,13958,20513178
Houston Rockets,2015,65995129,14,4713937.785714285,507336,21436271
Houston Rockets,2016,75808114,16,4738007.125,200600,22359364
Houston Rockets,2017,83497163,16,5218572.6875,255000,26540100
Houston Rockets,2018,121962746,22,5543761.181818182,4608,28299399
Houston Rockets,2019,129028208,16,8064263.0,23685,35654150
Houston Rockets,2020,136992972,17,8058410.117647059,563347,38506482
Indiana Pacers,2000,16356000,6,2726000.0,745000,4800000
Indiana Pacers,2001,48552000,13,3734769.230769231,498000,10666000
Indiana Pacers,2002,59381000,18,3298944.4444444445,333000,12045000
Indiana Pacers,2003,52087000,13,4006692.3076923075,512000,12046000
Indiana Pacers,2004,23861000,7,3408714.285714286,861000,7610000
Indiana Pacers,2005,15606000,3,5202000.0,1554000,8260000
Indiana Pacers,2006,65601708,13,5046285.230769231,835810,16440000
Indiana Pacers,2007,81585398,20,4079269.9,664209,18084000
Indiana Pacers,2008,66595936,16,4162246.0,213051,19728000
Indiana Pacers,2009,61716439,15,4114429.2666666666,711517,10126984
Indiana Pacers,2010,59933873,14,4280990.928571428,457588,11047619
Indiana Pacers,2011,59588621,15,3972574.7333333334,750000,10973202
Indiana Pacers,2012,52658055,16,3291128.4375,435000,12015904
Indiana Pacers,2013,84621815,22,3846446.1363636362,402065,13668750
Indiana Pacers,2014,56110617,13,4316201.307692308,884293,14283844
Indiana Pacers,2015,74810552,15,4987370.133333334,507336,15937290
Indiana Pacers,2016,67699102,16,4231193.875,211744,17120106
Indiana Pacers,2017,90659552,17,5332914.823529412,650000,18314532
Indiana Pacers,2018,110080138,18,6115563.222222222,980431,21000000
Indiana Pacers,2019,100197688,14,7156977.714285715,838464,21000000
Indiana Pacers,2020,137759737,19,7250512.47368421,1378242,21000000
LA Clippers,2002,27690000,14,1977857.142857143,541000,4662000
LA Clippers,2003,25449000,9,2827666.6666666665,824000,6061000
LA Clippers,2004,23526000,6,3921000.0,639000,9600000
LA Clippers,2005,12086000,2,6043000.0,2269000,9817000
LA Clippers,2006,70143654,15,4676243.6,398762,15750000
LA Clippers,2007,65903388,16,4118961.75,23443,14248000
LA Clippers,2008,61266474,19,3224551.263157895,125636,15344000
LA Clippers,2009,55446274,17,3261545.529411765,459782,11250000
LA Clippers,2010,57304611,16,3581538.1875,736420,12100000
LA Clippers,2011,79049723,22,3593169.227272727,211084,14000000
LA Clippers,2012,82281543,23,3577458.3913043477,156595,16359805
LA Clippers,2013,83552720,20,4177636.0,48232,18668431
LA Clippers,2014,74627321,14,5330522.928571428,249683,18668431
LA Clippers,2015,84225763,19,4432934.894736842,107676,20068563
LA Clippers,2016,87167337,16,5447958.5625,111444,21468695
LA Clippers,2017,114307499,16,7144218.6875,543471,22868827
LA Clippers,2018,161175002,21,7675000.095238095,375000,32088932
LA Clippers,2019,79234904,12,6602908.666666667,1349383,21587579
LA Clippers,2020,139406269,17,8200368.764705882,512721,32742000
Los Angeles Clippers,2000,11460000,5,2292000.0,843000,3456000
Los Angeles Clippers,2001,23487000,12,1957250.0,316000,3697000
Los Angeles Lakers,2000,40565000,7,5795000.0,790000,17142000
Los Angeles Lakers,2001,57600000,12,4800000.0,707000,19285000
Los Angeles Lakers,2002,52650000,13,4050000.0,465000,21428000
Los Angeles Lakers,2003,57455000,10,5745500.0,817000,23571000
Los Angeles Lakers,2004,52767000,6,8794500.0,2244000,26571000
Los Angeles Lakers,2005,35956000,4,8989000.0,3785000,14625000
Los Angeles Lakers,2006,56530550,15,3768703.3333333335,398762,15946875
Los Angeles Lakers,2007,62251869,15,4150124.6,664209,17718750
Los Angeles Lakers,2008,56137821,13,4318293.923076923,90660,19490625
Los Angeles Lakers,2009,76586593,14,5470470.928571428,442114,21262500
Los Angeles Lakers,2010,92077486,14,6576963.285714285,736420,23034375
Los Angeles Lakers,2011,90263787,14,6447413.357142857,473604,24806250
Los Angeles Lakers,2012,95363673,20,4768183.65,473604,25244493
Los Angeles Lakers,2013,86424427,18,4801357.055555556,473604,30453805
Los Angeles Lakers,2014,78858550,16,4928659.375,490180,30453805
Los Angeles Lakers,2015,71083322,18,3949073.4444444445,59686,23500000
Los Angeles Lakers,2016,73665676,18,4092537.5555555555,525093,25000000
Los Angeles Lakers,2017,104892636,23,4560549.391304348,73528,18000000
Los Angeles Lakers,2018,121307747,23,5274249.869565218,13824,22642650
Los Angeles Lakers,2019,92404906,17,5435582.705882353,52108,35654150
Los Angeles Lakers,2020,133141878,18,7396771.0,384541,37436858
Maccabi Haifa Maccabi Haifa,2015,816482,1,816482.0,816482,816482
Maccabi Haifa Maccabi Haifa,2018,2286997,2,1143498.5,815615,1471382
Madrid Real Madrid,2008,1511243,2,755621.5,427163,1084080
Madrid Real Madrid,2011,736420,1,736420.0,736420,736420
Madrid Real Madrid,2012,736420,1,736420.0,736420,736420
Madrid Real Madrid,2013,8830443,2,4415221.5,2180443,6650000
Madrid Real Madrid,2015,1825359,1,1825359.0,1825359,1825359
Memphis Grizzlies,2002,39733000,15,2648866.6666666665,332000,5695000
Memphis Grizzlies,2003,36122000,9,4013555.5555555555,2368000,7000000
Memphis Grizzlies,2004,38224000,9,4247111.111111111,1580000,7700000
Memphis Grizzlies,2005,27506000,6,4584333.333333333,2322000,7150000
Memphis Grizzlies,2006,68967633,15,4597842.2,398762,14666250
Memphis Grizzlies,2007,50094319,18,2783017.722222222,55839,12364000
Memphis Grizzlies,2008,76069935,21,3622377.8571428573,24263,13735000
Memphis Grizzlies,2009,43904982,16,2744061.375,450399,7020000
Memphis Grizzlies,2010,53718475,20,2685923.75,2692,16000000
Memphis Grizzlies,2011,75099987,22,3413635.772727273,201033,17666666
Memphis Grizzlies,2012,77044156,22,3502007.090909091,48232,15200000
Memphis Grizzlies,2013,99102304,30,3303410.1333333333,55718,16500000
Memphis Grizzlies,2014,74496910,16,4656056.875,490180,18238333
Memphis Grizzlies,2015,86504216,20,4325210.8,53838,16500000
Memphis Grizzlies,2016,94825502,22,4310250.090909091,55722,19688000
Memphis Grizzlies,2017,113616902,22,5164404.636363637,76725,26540100
Memphis Grizzlies,2018,110613726,26,4254374.076923077,60283,28530608
Memphis Grizzlies,2019,167050134,24,6960422.25,59820,30521115
Memphis Grizzlies,2020,123658145,21,5888483.095238095,183115,16229213
Miami Heat,2000,26456000,4,6614000.0,728000,15004000
Miami Heat,2001,70462000,14,5033000.0,316000,16879000
Miami Heat,2002,51760000,15,3450666.6666666665,237000,18756000
Miami Heat,2003,29914000,5,5982800.0,637000,11200000
Miami Heat,2004,32171000,4,8042750.0,2925000,12320000
Miami Heat,2005,52055000,4,13013750.0,3073000,29464000
Miami Heat,2006,59512936,16,3719558.5,398762,20000000
Miami Heat,2007,62755821,15,4183721.4,412718,20000000
Miami Heat,2008,53716806,18,2984267.0,36395,13041250
Miami Heat,2009,48527130,14,3466223.5714285714,700000,14410581
Miami Heat,2010,79987798,15,5332519.866666666,29135,23016000
Miami Heat,2011,80118940,20,4005947.0,196007,14500000
Miami Heat,2012,90746493,21,4321261.571428572,137498,17545000
Miami Heat,2013,103799977,25,4151999.08,61467,19067500
Miami Heat,2014,83359557,14,5954254.071428572,884293,19067500
Miami Heat,2015,72166602,18,4009255.6666666665,29843,20644400
Miami Heat,2016,85249626,16,5328101.625,525093,22192730
Miami Heat,2017,98056960,18,5447608.888888889,115344,23741060
Miami Heat,2018,123120620,14,8794330.0,543471,25434262
Miami Heat,2019,124378576,19,6546240.842105263,4737,25434262
Miami Heat,2020,140371562,19,7387976.947368421,375385,32742000
Milwaukee Bucks,2000,30736000,8,3842000.0,301000,9000000
Milwaukee Bucks,2001,49659000,14,3547071.4285714286,316000,10125000
Milwaukee Bucks,2002,57981000,14,4141500.0,465000,11250000
Milwaukee Bucks,2003,39434000,7,5633428.571428572,1862000,10750000
Milwaukee Bucks,2004,17766000,4,4441500.0,1898000,8050000
Milwaukee Bucks,2005,33881000,5,6776200.0,2680000,14487000
Milwaukee Bucks,2006,56029759,15,3735317.2666666666,398762,12000000
Milwaukee Bucks,2007,57611028,18,3200612.6666666665,302200,13260000
Milwaukee Bucks,2008,63088469,16,3943029.3125,427163,14520000
Milwaukee Bucks,2009,66216660,14,4729761.428571428,46917,15780000
Milwaukee Bucks,2010,68135191,15,4542346.066666666,422460,17040000
Milwaukee Bucks,2011,71141373,18,3952298.5,457588,18300000
Milwaukee Bucks,2012,69516077,20,3475803.85,457588,12000000
Milwaukee Bucks,2013,57496065,18,3194225.8333333335,457588,11000000
Milwaukee Bucks,2014,37912949,12,3159412.4166666665,9281,8000000
Milwaukee Bucks,2015,53112885,15,3540859.0,414551,11000000
Milwaukee Bucks,2016,72148308,18,4008239.3333333335,845059,16407500
Milwaukee Bucks,2017,91167498,22,4143977.1818181816,15435,17145838
Milwaukee Bucks,2018,92779886,20,4638994.3,588120,24157303
Milwaukee Bucks,2019,143470804,20,7173540.2,196553,24157303
Milwaukee Bucks,2020,140613931,20,7030696.55,1378242,30603448
Minnesota Timberwolves,2000,33478000,7,4782571.428571428,1050000,16806000
Minnesota Timberwolves,2001,44793000,11,4072090.909090909,1123000,19600000
Minnesota Timberwolves,2002,55955000,15,3730333.3333333335,332000,22400000
Minnesota Timberwolves,2003,42355000,6,7059166.666666667,2436000,25200000
Minnesota Timberwolves,2004,49823000,6,8303833.333333333,587000,28000000
Minnesota Timberwolves,2005,19774000,3,6591333.333333333,2212000,14625000
Minnesota Timberwolves,2006,72341361,18,4018964.5,398762,18000000
Minnesota Timberwolves,2007,67708876,15,4513925.066666666,412718,21000000
Minnesota Timberwolves,2008,44522430,19,2343285.789473684,199452,8329640
Minnesota Timberwolves,2009,64617117,15,4307807.8,797581,11000000
Minnesota Timberwolves,2010,45643809,16,2852738.0625,111685,12000000
Minnesota Timberwolves,2011,49858629,17,2932860.529411765,854389,4962240
Minnesota Timberwolves,2012,78695152,21,3747388.1904761903,35868,15032144
Minnesota Timberwolves,2013,71640818,25,2865632.72,35868,13668750
Minnesota Timberwolves,2014,62219204,13,4786092.615384615,490180,14693906
Minnesota Timberwolves,2015,58264693,18,3236927.388888889,283367,12100000
Minnesota Timberwolves,2016,60656973,14,4332640.928571428,947276,12700000
Minnesota Timberwolves,2017,86372434,19,4545917.578947368,980431,13550000
Minnesota Timberwolves,2018,130433306,21,6211109.80952381,290951,19301070
Minnesota Timberwolves,2019,103380780,13,7952367.692307692,108953,25467250
Minnesota Timberwolves,2020,174907550,19,9205660.52631579,898310,27504630
"NO/Oklahoma City
 Hornets",2006,30886563,11,2807869.3636363638,398762,8000000
NO/Oklahoma City Hornets,2007,53192278,15,3546151.8666666667,412718,10800000
New Jersey Nets,2000,24886000,5,4977200.0,1920000,9000000
New Jersey Nets,2001,37279000,14,2662785.714285714,24000,10130000
New Jersey Nets,2002,40169000,13,3089923.076923077,333000,10865000
New Jersey Nets,2003,47560000,10,4756000.0,512000,16105000
New Jersey Nets,2004,34972000,8,4371500.0,995000,10950000
New Jersey Nets,2005,6516000,3,2172000.0,1887000,2363000
New Jersey Nets,2006,66600455,15,4440030.333333333,719373,16440000
New Jersey Nets,2007,62772809,14,4483772.071428572,412718,18084000
New Jersey Nets,2008,74282536,19,3909607.1578947366,4533,19728000
New Jersey Nets,2009,56466226,14,4033301.8571428573,442114,14724125
New Jersey Nets,2010,56849596,17,3344093.882352941,475875,11242666
New Jersey Nets,2011,46695858,17,2746815.1764705884,20103,7248325
New Jersey Nets,2012,62338419,18,3463245.5,22287,16359805
New Orleans Hornets,2003,37964000,12,3163666.6666666665,1126000,7750000
New Orleans Hornets,2004,25893000,7,3699000.0,1300000,8525000
New Orleans Hornets,2005,5474000,2,2737000.0,2474000,3000000
New Orleans Hornets,2008,52765565,12,4397130.416666667,770610,11664000
New Orleans Hornets,2009,60616287,13,4662791.307692308,797581,12528000
New Orleans Hornets,2010,67692045,11,6153822.2727272725,457588,13520500
New Orleans Hornets,2011,53455858,12,4454654.833333333,25073,14940153
New Orleans Hornets,2012,66926606,19,3522452.947368421,38194,14030000
New Orleans Hornets,2013,46204574,14,3300326.714285714,27859,13668750
New Orleans Pelicans,2007,1233840,1,1233840.0,1233840,1233840
New Orleans Pelicans,2009,4456391,4,1114097.75,442114,1976400
New Orleans Pelicans,2011,1587692,2,793846.0,762195,825497
New Orleans Pelicans,2012,7885369,5,1577073.8,473604,4847586
New Orleans Pelicans,2013,14644147,9,1627127.4444444445,38194,5104000
New Orleans Pelicans,2014,62215488,15,4147699.2,29788,14283844
New Orleans Pelicans,2015,67116400,16,4194775.0,107676,14898938
New Orleans Pelicans,2016,87932770,20,4396638.5,169883,15514031
New Orleans Pelicans,2017,76981497,16,4811343.5625,57672,22116750
New Orleans Pelicans,2018,106945231,20,5347261.55,58190,25686667
New Orleans Pelicans,2019,93354172,13,7181090.153846154,194220,25976111
New Orleans Pelicans,2020,123963898,17,7291994.0,1416852,26231111
New York Knicks,2000,34960000,6,5826666.666666667,2000000,11910000
New York Knicks,2001,63623000,11,5783909.090909091,507000,12485000
New York Knicks,2002,63425000,14,4530357.142857143,466000,11250000
New York Knicks,2003,59885000,10,5988500.0,2700000,12375000
New York Knicks,2004,107898000,13,8299846.153846154,2610000,17895000
New York Knicks,2005,108616000,11,9874181.818181818,3475000,17531000
New York Knicks,2006,63866351,12,5322195.916666667,641748,16453125
New York Knicks,2007,81313566,15,5420904.4,744551,17184375
New York Knicks,2008,86248142,16,5390508.875,687456,19012500
New York Knicks,2009,99206577,19,5221398.7894736845,442114,14666667
New York Knicks,2010,92220711,22,4191850.5,63127,22843124
New York Knicks,2011,86351434,23,3754410.1739130435,221136,17149243
New York Knicks,2012,78479180,23,3412138.2608695654,69393,18518574
New York Knicks,2013,93150934,28,3326819.0714285714,170878,19948799
New York Knicks,2014,85549409,14,6110672.071428572,8232,21679893
New York Knicks,2015,69286926,21,3299377.4285714286,48028,22458401
New York Knicks,2016,75483698,18,4193538.777777778,30888,22875000
New York Knicks,2017,99300544,17,5841208.470588235,543471,24559380
New York Knicks,2018,107798705,19,5673616.052631579,543471,18622514
New York Knicks,2019,96050606,18,5336144.777777778,42634,22897200
New York Knicks,2020,117218296,16,7326143.5,898310,18000000
Oklahoma City Thunder,2007,664209,1,664209.0,664209,664209
Oklahoma City Thunder,2009,69399176,21,3304722.6666666665,442114,7647500
Oklahoma City Thunder,2010,44669186,16,2791824.125,40375,7906088
Oklahoma City Thunder,2011,70110119,19,3690006.263157895,679821,13270000
Oklahoma City Thunder,2012,66553231,21,3169201.476190476,226162,15506632
Oklahoma City Thunder,2013,94521197,25,3780847.88,226162,17832626
Oklahoma City Thunder,2014,82138852,15,5475923.466666667,244489,17832627
Oklahoma City Thunder,2015,75761264,20,3788063.2,274573,18995624
Oklahoma City Thunder,2016,97060625,17,5709448.529411765,222888,20158622
Oklahoma City Thunder,2017,108245839,25,4329833.56,247991,26540100
Oklahoma City Thunder,2018,145725064,23,6335872.347826087,543471,28530608
Oklahoma City Thunder,2019,151109192,17,8888776.0,151587,35654150
Oklahoma City Thunder,2020,143747867,18,7985992.611111111,155647,38506482
Orlando Magic,2000,10658000,5,2131600.0,952000,4125000
Orlando Magic,2001,34940000,12,2911666.6666666665,523000,9658000
Orlando Magic,2002,44501000,14,3178642.8571428573,591000,10865000
Orlando Magic,2003,63531000,11,5775545.454545454,587000,21500000
Orlando Magic,2004,16904000,2,8452000.0,3625000,13279000
Orlando Magic,2005,32444000,5,6488800.0,2362000,14487000
Orlando Magic,2006,91980866,19,4841098.2105263155,398762,15750000
Orlando Magic,2007,61038280,16,3814892.5,412718,16901500
Orlando Magic,2008,63219813,17,3718812.529411765,427163,14884951
Orlando Magic,2009,76357277,16,4772329.8125,591148,16447871
Orlando Magic,2010,82060953,13,6312381.0,825497,18010791
Orlando Magic,2011,45788409,9,5087601.0,854389,16647180
Orlando Magic,2012,73194712,19,3852353.263157895,473604,18091770
Orlando Magic,2013,75300708,24,3137529.5,473604,12000000
Orlando Magic,2014,20568125,8,2571015.625,788872,7500000
Orlando Magic,2015,43142870,18,2396826.111111111,507336,8579088
Orlando Magic,2016,84941368,18,4718964.888888889,61776,16000000
Orlando Magic,2017,96406104,19,5074005.47368421,31969,17000000
Orlando Magic,2018,98826765,20,4941338.25,4608,17000000
Orlando Magic,2019,104835333,15,6989022.2,59820,21590909
Orlando Magic,2020,142569592,17,8386446.588235294,555409,28000000
Philadelphia 76ers,2000,36748000,8,4593500.0,684000,9000000
Philadelphia 76ers,2001,65550000,17,3855882.3529411764,24000,14422000
Philadelphia 76ers,2002,64620000,17,3801176.470588235,332000,14315000
Philadelphia 76ers,2003,60698000,11,5518000.0,1100000,12375000
Philadelphia 76ers,2004,40742000,7,5820285.714285715,887000,13500000
Philadelphia 76ers,2005,37582000,6,6263666.666666667,1600000,14625000
Philadelphia 76ers,2006,71237452,15,4749163.466666667,398762,19125000
Philadelphia 76ers,2007,61998938,15,4133262.533333333,407313,17184375
Philadelphia 76ers,2008,42242998,14,3017357.0,427163,10251435
Philadelphia 76ers,2009,65916162,13,5070474.0,797581,13757844
Philadelphia 76ers,2010,72299460,16,4518716.25,650000,14858472
Philadelphia 76ers,2011,69068140,15,4604542.666666667,650686,15959099
Philadelphia 76ers,2012,96578947,21,4598997.476190476,11458,18160355
Philadelphia 76ers,2013,79058511,29,2726155.5517241377,47360,16889000
Philadelphia 76ers,2014,47997371,15,3199824.7333333334,171696,14487500
Philadelphia 76ers,2015,58336373,25,2333454.92,468540,11250000
Philadelphia 76ers,2016,44886505,19,2362447.6315789474,167406,10105855
Philadelphia 76ers,2017,79724465,26,3066325.576923077,35166,9424084
Philadelphia 76ers,2018,95117178,21,4529389.428571428,57672,25250000
Philadelphia 76ers,2019,153357133,22,6970778.7727272725,1512601,25467250
Philadelphia 76ers,2020,134311678,19,7069035.684210527,350189,32742000
Phoenix Suns,2000,39262000,7,5608857.142857143,1546000,9000000
Phoenix Suns,2001,52051000,15,3470066.6666666665,316000,10130000
Phoenix Suns,2002,59362000,17,3491882.3529411764,332000,11250000
Phoenix Suns,2003,50865000,10,5086500.0,512000,12375000
Phoenix Suns,2004,52893000,7,7556142.857142857,1631000,13500000
Phoenix Suns,2005,16025000,4,4006250.0,2358000,5750000
Phoenix Suns,2006,62769562,15,4184637.466666667,398762,13975000
Phoenix Suns,2007,65164166,14,4654583.285714285,744551,15070000
Phoenix Suns,2008,91843875,14,6560276.785714285,427163,21000000
Phoenix Suns,2009,63230970,12,5269247.5,201741,21000000
Phoenix Suns,2010,64340650,15,4289376.666666667,48559,16378325
Phoenix Suns,2011,97261315,22,4420968.863636363,186656,17522375
Phoenix Suns,2012,64624040,20,3231202.0,762195,11689062
Phoenix Suns,2013,59312997,23,2578825.9565217393,473604,7727280
Phoenix Suns,2014,32827183,14,2344798.785714286,306037,7500000
Phoenix Suns,2015,76895748,22,3495261.272727273,48028,13000000
Phoenix Suns,2016,69463799,24,2894324.9583333335,49709,13500000
Phoenix Suns,2017,74717099,19,3932478.8947368423,23069,14000000
Phoenix Suns,2018,87864720,21,4184034.285714286,175000,15000000
Phoenix Suns,2019,96526795,18,5362599.722222222,184746,20421546
Phoenix Suns,2020,109466105,19,5761373.947368421,183115,27285000
Portland Trail Blazers,2000,49423000,6,8237166.666666667,1428000,14795000
Portland Trail Blazers,2001,84918000,14,6065571.428571428,548000,13151000
Portland Trail Blazers,2002,83995000,15,5599666.666666667,333000,18083000
Portland Trail Blazers,2003,77424000,10,7742400.0,612000,19727000
Portland Trail Blazers,2004,74824000,8,9353000.0,1172000,18000000
Portland Trail Blazers,2005,77915000,9,8657222.222222222,1805000,15750000
Portland Trail Blazers,2006,53376814,15,3558454.2666666666,641748,11666666
Portland Trail Blazers,2007,62316095,14,4451149.642857143,664209,12000000
Portland Trail Blazers,2008,58598498,16,3662406.125,427163,12440787
Portland Trail Blazers,2009,53532314,15,3568820.933333333,797581,12722500
Portland Trail Blazers,2010,57110033,20,2855501.65,5383,9150000
Portland Trail Blazers,2011,57856058,16,3616003.625,11679,13603750
Portland Trail Blazers,2012,74547114,20,3727355.7,104494,14000000
Portland Trail Blazers,2013,57890891,21,2756709.095238095,208802,13500000
Portland Trail Blazers,2014,65716292,17,3865664.2352941176,788872,14878000
Portland Trail Blazers,2015,79294478,20,3964723.9,59686,16006000
Portland Trail Blazers,2016,57761713,17,3397747.8235294116,525093,10522500
Portland Trail Blazers,2017,114615831,18,6367546.166666667,543471,24328425
Portland Trail Blazers,2018,134129378,22,6096789.909090909,229892,26153057
Portland Trail Blazers,2019,130774013,18,7265222.944444444,487109,27977689
Portland Trail Blazers,2020,121737527,14,8695537.642857144,1364204,29802321
Sacramento Kings,2000,13116000,3,4372000.0,1879000,8837000
Sacramento Kings,2001,41497000,11,3772454.5454545454,673000,12000000
Sacramento Kings,2002,54398000,13,4184461.5384615385,304000,12750000
Sacramento Kings,2003,59297000,12,4941416.666666667,714000,14343000
Sacramento Kings,2004,47777000,7,6825285.714285715,764000,15937000
Sacramento Kings,2005,47619000,7,6802714.285714285,1985000,17351000
Sacramento Kings,2006,72379249,15,4825283.266666667,398762,11500000
Sacramento Kings,2007,64543813,16,4033988.3125,197087,12500000
Sacramento Kings,2008,76123429,21,3624925.1904761903,199452,14983603
Sacramento Kings,2009,86422776,20,4321138.8,442114,11375000
Sacramento Kings,2010,58978718,19,3104143.052631579,47651,9680170
Sacramento Kings,2011,48725207,20,2436260.35,473604,13428129
Sacramento Kings,2012,56954893,22,2588858.772727273,254938,8083000
Sacramento Kings,2013,75595785,28,2699849.464285714,473604,8083000
Sacramento Kings,2014,44002255,13,3384788.846153846,46404,8050000
Sacramento Kings,2015,69144839,16,4321552.4375,29483,19317326
Sacramento Kings,2016,72528725,16,4533045.3125,525093,15851950
Sacramento Kings,2017,108146859,21,5149850.428571428,138414,16957900
Sacramento Kings,2018,88231506,18,4901750.333333333,185397,19000000
Sacramento Kings,2019,102369495,19,5387868.157894737,42634,24107258
Sacramento Kings,2020,143263849,19,7540202.578947368,898310,24147727
San Antonio Spurs,2000,6253000,3,2084333.3333333333,1968000,2285000
San Antonio Spurs,2001,49969000,11,4542636.363636363,548000,13196000
San Antonio Spurs,2002,43236000,15,2882400.0,465000,10865000
San Antonio Spurs,2003,40489000,10,4048900.0,587000,12072000
San Antonio Spurs,2004,38692000,7,5527428.571428572,856000,13279000
San Antonio Spurs,2005,19815000,3,6605000.0,1545000,12000000
San Antonio Spurs,2006,62304030,13,4792617.692307692,719373,15845157
San Antonio Spurs,2007,62023833,14,4430273.785714285,405435,17429673
San Antonio Spurs,2008,61375970,16,3835998.125,27198,19014188
San Antonio Spurs,2009,71626200,19,3769800.0,299077,20598704
San Antonio Spurs,2010,83275132,16,5204695.75,88826,22183220
San Antonio Spurs,2011,76186019,20,3809300.95,13930,18835381
San Antonio Spurs,2012,88059733,23,3828684.0434782607,213517,21164619
San Antonio Spurs,2013,83391901,23,3625734.8260869565,239588,14107492
San Antonio Spurs,2014,62512385,16,3907024.0625,52017,12500000
San Antonio Spurs,2015,68582168,16,4286385.5,53838,12500000
San Antonio Spurs,2016,89617091,18,4978727.277777778,200600,19689000
San Antonio Spurs,2017,119115848,23,5178949.9130434785,346034,20575005
San Antonio Spurs,2018,122781273,20,6139063.65,543471,21461010
San Antonio Spurs,2019,106999851,19,5631571.105263158,59820,27739975
San Antonio Spurs,2020,117647725,19,6191985.52631579,245686,27739975
Seattle SuperSonics,2000,24837000,4,6209250.0,857000,11020000
Seattle SuperSonics,2001,48970000,12,4080833.3333333335,316000,14000000
Seattle SuperSonics,2002,44966000,14,3211857.1428571427,333000,12926000
Seattle SuperSonics,2003,67119000,12,5593250.0,526000,13080000
Seattle SuperSonics,2004,31731000,5,6346200.0,1670000,13500000
Seattle SuperSonics,2005,32008000,5,6401600.0,2301000,14625000
Seattle SuperSonics,2006,59110055,19,3111055.5263157897,719373,13223140
Seattle SuperSonics,2007,57386639,15,3825775.933333333,406340,14611570
Seattle SuperSonics,2008,74560468,20,3728023.4,63462,12275000
Toronto Raptors,2000,8892000,4,2223000.0,1325000,3200000
Toronto Raptors,2001,43052000,16,2690750.0,498000,5500000
Toronto Raptors,2002,52232000,16,3264500.0,333000,11000000
Toronto Raptors,2003,39830000,9,4425555.555555556,512000,12000000
Toronto Raptors,2004,62870000,11,5715454.545454546,1292000,13279000
Toronto Raptors,2005,41218000,6,6869666.666666667,2371000,14487000
Toronto Raptors,2006,67305147,16,4206571.6875,641748,15694250
Toronto Raptors,2007,44999212,17,2647012.470588235,109493,7280000
Toronto Raptors,2008,62430150,17,3672361.7647058824,4533,13041250
Toronto Raptors,2009,93079062,18,5171059.0,442114,21372000
Toronto Raptors,2010,68019258,15,4534617.2,736420,15779912
Toronto Raptors,2011,69219621,22,3146346.409090909,8967,9000000
Toronto Raptors,2012,63601799,20,3180089.95,190548,10561982
Toronto Raptors,2013,67399499,20,3369974.95,68902,11046591
Toronto Raptors,2014,86173164,20,4308658.2,650215,17888932
Toronto Raptors,2015,76305291,17,4488546.529411765,373041,12000000
Toronto Raptors,2016,75339980,18,4185554.4444444445,245177,13600000
Toronto Raptors,2017,127261050,22,5784593.181818182,543471,26540100
Toronto Raptors,2018,135453584,20,6772679.2,55296,31200000
Toronto Raptors,2019,114861234,16,7178827.125,17092,31200000
Toronto Raptors,2020,127087525,17,7475736.764705882,898310,34996296
Utah Jazz,2000,24809000,5,4961800.0,679000,14000000
Utah Jazz,2001,53206000,14,3800428.5714285714,548000,15750000
Utah Jazz,2002,53640000,13,4126153.846153846,333000,17500000
Utah Jazz,2003,51624000,11,4693090.909090909,893000,19250000
Utah Jazz,2004,22914000,4,5728500.0,956000,11668000
Utah Jazz,2005,8047000,2,4023500.0,1672000,6375000
Utah Jazz,2006,56007008,15,3733800.533333333,398761,11260483
Utah Jazz,2007,60910107,16,3806881.6875,70075,12364000
Utah Jazz,2008,59892974,15,3992864.933333333,199452,13735000
Utah Jazz,2009,73349844,17,4314696.705882353,711517,15106000
Utah Jazz,2010,73356503,15,4890433.533333333,10767,16452000
Utah Jazz,2011,93083446,20,4654172.3,25000,17823000
Utah Jazz,2012,64191304,19,3378489.6842105263,117134,15000000
Utah Jazz,2013,69702782,21,3319180.095238095,44835,13500000
Utah Jazz,2014,47403155,14,3385939.6428571427,490180,11046000
Utah Jazz,2015,58883097,21,2803957.0,59686,14746000
Utah Jazz,2016,60751941,17,3573643.588235294,99418,15409570
Utah Jazz,2017,83270997,19,4382684.052631579,543471,16073140
Utah Jazz,2018,115166750,21,5484130.952380952,44495,21924719
Utah Jazz,2019,124680531,16,7792533.1875,1378242,23241573
Utah Jazz,2020,129433768,19,6812303.578947368,439475,32511624
Vancouver Grizzlies,2000,28951000,7,4135857.1428571427,1224000,9000000
Vancouver Grizzlies,2001,44017000,13,3385923.076923077,548000,10125000
Washington Wizards,2000,24375000,4,6093750.0,1836000,15000000
Washington Wizards,2001,50961000,17,2997705.882352941,80000,16875000
Washington Wizards,2002,31008000,14,2214857.1428571427,332000,4421000
Washington Wizards,2003,27529000,8,3441125.0,1030000,6000000
Washington Wizards,2004,32204000,7,4600571.428571428,2211000,6500000
Washington Wizards,2005,8404000,2,4202000.0,3043000,5361000
Washington Wizards,2006,50055857,14,3575418.3571428573,398672,13843156
Washington Wizards,2007,63052194,17,3708952.588235294,121388,15101626
Washington Wizards,2008,70336427,16,4396026.6875,427163,16360094
Washington Wizards,2009,76729300,17,4513488.235294118,711517,14653466
Washington Wizards,2010,94737087,25,3789483.48,40375,16192080
Washington Wizards,2011,82833991,27,3067925.592592593,22287,19573711
Washington Wizards,2012,68361151,23,2972223.9565217393,75793,21136631
Washington Wizards,2013,74027360,27,2741754.074074074,75793,14487500
Washington Wizards,2014,66159789,15,4410652.6,52017,13000000
Washington Wizards,2015,85256936,22,3875315.272727273,96056,14746000
Washington Wizards,2016,81467636,18,4525979.777777778,200600,15851950
Washington Wizards,2017,117163913,21,5579233.952380952,543471,22116750
Washington Wizards,2018,131574109,15,8771607.266666668,874636,26011913
Washington Wizards,2019,160582684,24,6690945.166666667,9474,26011913
Washington Wizards,2020,148744514,24,6197688.083333333,482144,38199000
null Unknown,2007,825436,2,412718.0,412718,412718
null Unknown,2008,2562978,6,427163.0,427163,427163
null Unknown,2009,3536912,8,442114.0,442114,442114
null Unknown,2010,592281,3,197427.0,59217,457588
null Unknown,2011,3536148,8,442018.5,8358,762195
null Unknown,2012,4980534,8,622566.75,457588,788872
null Unknown,2013,5454138,9,606015.3333333334,457588,788872
